<keymap version="1" name="SubliMate" parent="Mac OS X">
  <action id="ChangesView.Commit">
    <keyboard-shortcut first-keystroke="shift meta c" />
  </action>
  <action id="CheckinProject" />
  <action id="ClassTemplateNavigation" />
  <action id="CloseAllEditors">
    <keyboard-shortcut first-keystroke="meta alt w" />
  </action>
  <action id="CloseAllEditorsButActive">
    <keyboard-shortcut first-keystroke="shift meta alt w" />
  </action>
  <action id="CloseContent">
    <keyboard-shortcut first-keystroke="meta f4" />
    <keyboard-shortcut first-keystroke="meta w" />
  </action>
  <action id="Console.History.Next" />
  <action id="Console.Jdbc.Close">
    <keyboard-shortcut first-keystroke="shift meta f4" />
  </action>
  <action id="Console.Jpa.Close">
    <keyboard-shortcut first-keystroke="shift meta f4" />
  </action>
  <action id="DSM.Close">
    <keyboard-shortcut first-keystroke="shift meta f4" />
  </action>
  <action id="DumpLookupElementWeights" />
  <action id="EditorCutLineEnd">
    <keyboard-shortcut first-keystroke="meta back_space" />
  </action>
  <action id="EditorDeleteLine">
    <keyboard-shortcut first-keystroke="meta y" />
    <keyboard-shortcut first-keystroke="meta k" />
  </action>
  <action id="EditorDuplicateLines">
    <keyboard-shortcut first-keystroke="shift meta d" />
  </action>
  <action id="EditorSelectWord" />
  <action id="EditorUnSelectWord" />
  <action id="FileChooser.TogglePathShowing" />
  <action id="FileStructurePopup">
    <keyboard-shortcut first-keystroke="meta f12" />
    <keyboard-shortcut first-keystroke="shift meta t" />
  </action>
  <action id="FindInPath">
    <keyboard-shortcut first-keystroke="shift ctrl f" />
    <keyboard-shortcut first-keystroke="shift meta f" />
  </action>
  <action id="FindNext">
    <keyboard-shortcut first-keystroke="f3" />
    <keyboard-shortcut first-keystroke="ctrl l" />
    <keyboard-shortcut first-keystroke="meta g" />
  </action>
  <action id="FindPrevious">
    <keyboard-shortcut first-keystroke="shift f3" />
    <keyboard-shortcut first-keystroke="shift ctrl l" />
    <keyboard-shortcut first-keystroke="shift meta g" />
  </action>
  <action id="Git.Revert">
    <keyboard-shortcut first-keystroke="meta r" />
  </action>
  <action id="GoToClass" />
  <action id="GotoAction">
    <keyboard-shortcut first-keystroke="shift meta a" />
    <keyboard-shortcut first-keystroke="meta p" />
  </action>
  <action id="GotoFile">
    <keyboard-shortcut first-keystroke="shift meta n" />
    <keyboard-shortcut first-keystroke="meta t" />
  </action>
  <action id="GotoLine">
    <keyboard-shortcut first-keystroke="meta l" />
    <keyboard-shortcut first-keystroke="ctrl g" />
  </action>
  <action id="GotoRow">
    <keyboard-shortcut first-keystroke="meta l" />
    <keyboard-shortcut first-keystroke="ctrl g" />
  </action>
  <action id="GotoTest" />
  <action id="GuiDesigner.ExpandSelection" />
  <action id="GuiDesigner.ShrinkSelection" />
  <action id="Images.ShowThumbnails" />
  <action id="IntroduceField" />
  <action id="ParameterInfo" />
  <action id="PinActiveTab">
    <keyboard-shortcut first-keystroke="shift meta p" />
  </action>
  <action id="ReopenClosedTab">
    <keyboard-shortcut first-keystroke="shift meta w" />
  </action>
  <action id="Replace">
    <keyboard-shortcut first-keystroke="meta r" />
    <keyboard-shortcut first-keystroke="meta alt f" />
  </action>
  <action id="ReplaceInPath">
    <keyboard-shortcut first-keystroke="shift ctrl r" />
    <keyboard-shortcut first-keystroke="shift meta r" />
    <keyboard-shortcut first-keystroke="shift meta alt f" />
  </action>
  <action id="Scala.RenameJavaToScala" />
  <action id="Scala.RunConsole" />
  <action id="Scala.ShowImplicitParameters" />
  <action id="StructuralSearchPlugin.StructuralReplaceAction" />
  <action id="SurroundWith">
    <keyboard-shortcut first-keystroke="meta alt t" />
    <keyboard-shortcut first-keystroke="shift ctrl w" />
  </action>
  <action id="SwitchApply">
    <keyboard-shortcut first-keystroke="ctrl alt enter" />
  </action>
  <action id="SwitchDown">
    <keyboard-shortcut first-keystroke="ctrl alt down" />
  </action>
  <action id="SwitchLeft">
    <keyboard-shortcut first-keystroke="ctrl alt left" />
  </action>
  <action id="SwitchRight">
    <keyboard-shortcut first-keystroke="ctrl alt right" />
  </action>
  <action id="SwitchUp">
    <keyboard-shortcut first-keystroke="ctrl alt up" />
  </action>
  <action id="TagDocumentationNavigation" />
  <action id="Uml.ShowDiff" />
  <action id="Vcs.UpdateProject" />
</keymap>