<application>
  <component name="MaterialThemeConfig">
    <option name="isContrastMode" value="true" />
    <option name="isWizardShown" value="true" />
    <option name="monochromeIcons" value="true" />
    <option name="pristineConfig" value="false" />
    <option name="settingsSelectedTab" value="2" />
    <option name="accentColor" value="9691d7" />
    <option name="highlightColor" value="80cbc4" />
    <option name="selectedTheme" value="CUSTOM" />
    <option name="userId" value="-4b010f8:165e4049cbd:-8000" />
    <option name="version" value="3.10.0" />
  </component>
</application>