<application>
  <component name="MaterialCustomThemeConfig">
    <option name="excludedColor" value="2f2e43ff" />
    <option name="accentColor" value="ab47bcff" />
    <option name="notificationsColor" value="202331ff" />
    <option name="treeSelectionColor" value="676e9550" />
    <option name="highlightColor" value="444267ff" />
    <option name="secondBorderColor" value="2b2a3eff" />
    <option name="tableSelectedColor" value="414863ff" />
    <option name="contrastColor" value="202331ff" />
    <option name="disabledColor" value="515772ff" />
    <option name="secondaryBackgroundColor" value="34324aff" />
    <option name="buttonColor" value="303348ff" />
    <option name="selectionForegroundColor" value="ffffffff" />
    <option name="selectionBackgroundColor" value="34324aff" />
    <option name="textColor" value="676e95ff" />
    <option name="foregroundColor" value="a6accdff" />
    <option name="backgroundColor" value="292d3eff" />
  </component>
</application>